GROUP,PACKAGE,CLASS,INSTRUCTION_MISSED,INSTRUCTION_COVERED,BRANCH_MISSED,BRANCH_COVERED,LINE_MISSED,LINE_COVERED,COMPLEXITY_MISSED,COMPLEXITY_COVERED,METHOD_MISSED,METHOD_COVERED
BankStatementControllerTest (21-Aug-2022 9:02:17 pm)/Statements-Module/src/main/java,com.bank.model,StatementRequest,0,52,0,0,0,22,0,15,0,15
BankStatementControllerTest (21-Aug-2022 9:02:17 pm)/Statements-Module/src/main/java,com.bank.model,JwtRequest,9,17,0,0,4,8,1,5,1,5
BankStatementControllerTest (21-Aug-2022 9:02:17 pm)/Statements-Module/src/main/java,com.bank.model,JwtResponse,0,9,0,0,0,4,0,2,0,2
BankStatementControllerTest (21-Aug-2022 9:02:17 pm)/Statements-Module/src/main/java,com.bank.model,Statement,28,38,0,0,12,16,8,11,8,11
BankStatementControllerTest (21-Aug-2022 9:02:17 pm)/Statements-Module/src/main/java,com.bank.controller,JwtAuthenticationController,7,70,0,0,1,18,0,3,0,3
BankStatementControllerTest (21-Aug-2022 9:02:17 pm)/Statements-Module/src/main/java,com.bank.controller,BankStatementController,3,87,7,19,1,19,7,9,0,3
BankStatementControllerTest (21-Aug-2022 9:02:17 pm)/Statements-Module/src/main/java,com.bank.config,JwtTokenUtil,28,97,6,2,3,16,7,9,3,9
BankStatementControllerTest (21-Aug-2022 9:02:17 pm)/Statements-Module/src/main/java,com.bank.config,JwtRequestFilter,12,83,3,7,4,22,3,4,0,2
BankStatementControllerTest (21-Aug-2022 9:02:17 pm)/Statements-Module/src/main/java,com.bank.config,WebSecurityConfig,0,57,0,0,0,13,0,5,0,5
BankStatementControllerTest (21-Aug-2022 9:02:17 pm)/Statements-Module/src/main/java,com.bank.config,JwtAuthenticationEntryPoint,0,20,0,0,0,6,0,2,0,2
BankStatementControllerTest (21-Aug-2022 9:02:17 pm)/Statements-Module/src/main/java,com.bank.service,BankStatementsServiceImpl.sortAscDates,0,12,0,0,0,2,0,2,0,2
BankStatementControllerTest (21-Aug-2022 9:02:17 pm)/Statements-Module/src/main/java,com.bank.service,JwtUserDetailsService,0,56,0,4,0,10,0,4,0,2
BankStatementControllerTest (21-Aug-2022 9:02:17 pm)/Statements-Module/src/main/java,com.bank.service,BankStatementsServiceImpl,27,273,13,45,6,57,12,26,0,9
BankStatementControllerTest (21-Aug-2022 9:02:17 pm)/Statements-Module/src/main/java,com.bank.service,BankStatementsServiceImpl.sortDates,0,12,0,0,0,2,0,2,0,2
BankStatementControllerTest (21-Aug-2022 9:02:17 pm)/Statements-Module/src/main/java,com.bank,SpringBootHelloWorldApplication,5,7,0,0,2,2,1,1,1,1
BankStatementControllerTest (21-Aug-2022 9:02:17 pm)/Statements-Module/src/main/java,com.bank.abstactcontroller,AbstractController,23,85,5,5,6,23,5,7,0,7
BankStatementControllerTest (21-Aug-2022 9:02:17 pm)/Statements-Module/src/main/java,com.bank.dao,BankStatementDAOImpl,0,88,0,2,0,19,0,4,0,3
BankStatementControllerTest (21-Aug-2022 9:02:17 pm)/Statements-Module/src/test/java,com.bank.controller.test,AbstractTest,0,18,0,0,0,5,0,3,0,3
BankStatementControllerTest (21-Aug-2022 9:02:17 pm)/Statements-Module/src/test/java,com.bank.controller.test,BankStatementControllerTest,0,859,0,0,0,196,0,19,0,19
